1,2024-05-22T14:23:42.153Z,in
1,2024-05-22T14:23:42.153Z,in
1,2024-05-22T14:23:42.153Z,in
1,2024-05-22T14:23:42.153Z,in
1,2024-05-22T14:23:42.153Z,in
1,2024-05-22T14:23:42.153Z,in
1,2024-05-22T14:23:42.153Z,in
1,2024-05-22T14:23:42.153Z,in
1,2024-05-22T14:23:42.153Z,in
1,2024-05-22T14:23:42.153Z,in
1,2024-05-22T14:23:42.153Z,in
1,2024-05-22T14:23:42.153Z,in
1,2024-05-22T14:23:42.153Z,in
1,2024-05-22T14:23:42.153Z,in
1,2024-05-22T14:23:42.153Z,in
1,2024-05-22T14:23:42.153Z,in
1,2024-05-22T14:23:42.153Z,in
1,2024-05-22T14:23:42.153Z,in
1,2024-05-22T14:23:42.153Z,in
1,2024-05-22T14:23:42.153Z,in
1,2024-05-22T14:23:42.153Z,in
